<launch>
  <arg name="use_map_topic"   default="false"/>
  <arg name="scan_topic"      default="scan"/> 
  <arg name="initial_pose_x"  default="0.0"/>
  <arg name="initial_pose_y"  default="0.0"/>
  <arg name="initial_pose_a"  default="0.0"/>
  <arg name="odom_frame_id"   default="odom"/>
  <arg name="base_frame_id"   default="base_footprint"/>
  <arg name="global_frame_id" default="map"/>
  <arg name="robot_namespace"/>

  <node pkg="amcl" type="amcl" name="amcl" output="screen" ns="$(arg robot_namespace)">

    <param name="odom_frame_id"             value="$(arg robot_namespace)_tf/$(arg odom_frame_id)"/> 
    <param name="base_frame_id"             value="$(arg robot_namespace)_tf/$(arg base_frame_id)"/> 
    <param name="global_frame_id"           value="$(arg robot_namespace)_tf/$(arg global_frame_id)"/>

    <param name="initial_pose_x"            value="$(arg initial_pose_x)"/>
    <param name="initial_pose_y"            value="$(arg initial_pose_y)"/>
    <param name="initial_pose_a"            value="$(arg initial_pose_a)"/>
    <remap from="scan"                      to="$(arg scan_topic)"/>
  </node>
</launch> 

